rate_date,base_currency,quote_currency,rate,fetched_at,batch_id,day_change_pct,quality_flag
2026-09-13,USD,KES,129.51479949,2026-09-20T16:18:53.957650+00:00,a40c86fa-9083-4bba-9e3f-01448fa21e8b,,ok
2026-09-14,USD,KES,129.43778735,2026-09-20T16:18:54.775048+00:00,a40c86fa-9083-4bba-9e3f-01448fa21e8b,-0.059462038549451535,ok
2026-09-15,USD,KES,129.42905136,2026-09-20T16:18:55.705561+00:00,a40c86fa-9083-4bba-9e3f-01448fa21e8b,-0.006749180574605607,ok
2026-09-16,USD,KES,129.534657,2026-09-20T16:18:56.486144+00:00,a40c86fa-9083-4bba-9e3f-01448fa21e8b,0.0815934590344014,ok
2026-09-17,USD,KES,129.62427313,2026-09-20T16:18:57.297945+00:00,a40c86fa-9083-4bba-9e3f-01448fa21e8b,0.06918312988624109,ok
2026-09-18,USD,KES,129.53480693,2026-09-20T16:18:58.116368+00:00,a40c86fa-9083-4bba-9e3f-01448fa21e8b,-0.06901963485671514,ok
2026-09-19,USD,KES,129.52582447,2026-09-20T16:18:59.104029+00:00,a40c86fa-9083-4bba-9e3f-01448fa21e8b,-0.006934398724856017,ok
2026-09-13,USD,ZAR,16.13588925,2026-09-20T16:18:53.957650+00:00,a40c86fa-9083-4bba-9e3f-01448fa21e8b,,ok
2026-09-14,USD,ZAR,16.15795944,2026-09-20T16:18:54.775048+00:00,a40c86fa-9083-4bba-9e3f-01448fa21e8b,0.13677702950272153,ok
2026-09-15,USD,ZAR,16.2493825,2026-09-20T16:18:55.705561+00:00,a40c86fa-9083-4bba-9e3f-01448fa21e8b,0.5658082033160428,ok
2026-09-16,USD,ZAR,16.25781271,2026-09-20T16:18:56.486144+00:00,a40c86fa-9083-4bba-9e3f-01448fa21e8b,0.05188018683170981,ok
2026-09-17,USD,ZAR,16.31917892,2026-09-20T16:18:57.297945+00:00,a40c86fa-9083-4bba-9e3f-01448fa21e8b,0.3774567409197349,ok
2026-09-18,USD,ZAR,16.26207349,2026-09-20T16:18:58.116368+00:00,a40c86fa-9083-4bba-9e3f-01448fa21e8b,-0.3499283283794008,ok
2026-09-19,USD,ZAR,16.26622365,2026-09-20T16:18:59.104029+00:00,a40c86fa-9083-4bba-9e3f-01448fa21e8b,0.025520484841945468,ok
