date,temperature_2m,precipitation,city,country,carbon_dioxide,dust,carbon_monoxide
2026-09-13 00:00:00+00:00,23.2,0.0,Abuja,NG,438.0,6.0,324.0
2026-09-13 01:00:00+00:00,23.25,0.0,Abuja,NG,434.0,6.0,268.0
2026-09-13 02:00:00+00:00,22.95,0.0,Abuja,NG,429.0,7.0,335.0
2026-09-13 03:00:00+00:00,22.6,0.0,Abuja,NG,426.0,7.0,424.0
2026-09-13 04:00:00+00:00,22.4,0.0,Abuja,NG,429.0,7.0,527.0
2026-09-13 05:00:00+00:00,22.25,0.0,Abuja,NG,434.0,7.0,650.0
2026-09-13 06:00:00+00:00,23.0,0.0,Abuja,NG,439.0,7.0,712.0
2026-09-13 07:00:00+00:00,24.1,0.0,Abuja,NG,441.0,6.0,662.0
2026-09-13 08:00:00+00:00,25.2,0.2,Abuja,NG,442.0,6.0,551.0
2026-09-13 09:00:00+00:00,26.25,0.2,Abuja,NG,442.0,6.0,448.0
2026-09-13 10:00:00+00:00,27.6,0.1,Abuja,NG,441.0,8.0,372.0
2026-09-13 11:00:00+00:00,28.25,0.2,Abuja,NG,439.0,11.0,305.0
2026-09-13 12:00:00+00:00,29.1,0.1,Abuja,NG,437.0,7.0,260.0
2026-09-13 13:00:00+00:00,29.0,0.4,Abuja,NG,436.0,10.0,236.0
2026-09-13 14:00:00+00:00,28.45,0.0,Abuja,NG,435.0,15.0,235.0
2026-09-13 15:00:00+00:00,28.6,0.1,Abuja,NG,434.0,18.0,275.0
2026-09-13 16:00:00+00:00,24.8,3.2,Abuja,NG,433.0,17.0,394.0
2026-09-13 17:00:00+00:00,24.8,0.0,Abuja,NG,433.0,15.0,554.0
2026-09-13 18:00:00+00:00,24.0,0.0,Abuja,NG,433.0,13.0,660.0
2026-09-13 19:00:00+00:00,24.35,0.0,Abuja,NG,434.0,12.0,659.0
2026-09-13 20:00:00+00:00,24.3,0.0,Abuja,NG,436.0,11.0,603.0
2026-09-13 21:00:00+00:00,24.05,0.0,Abuja,NG,438.0,10.0,553.0
2026-09-13 22:00:00+00:00,24.1,0.0,Abuja,NG,438.0,9.0,523.0
2026-09-13 23:00:00+00:00,24.35,0.0,Abuja,NG,438.0,8.0,500.0
2026-09-14 00:00:00+00:00,24.25,0.3,Abuja,NG,440.0,16.0,500.0
2026-09-14 01:00:00+00:00,23.9,0.2,Abuja,NG,445.0,15.0,552.0
2026-09-14 02:00:00+00:00,23.0,1.6,Abuja,NG,452.0,14.0,628.0
2026-09-14 03:00:00+00:00,22.65,0.2,Abuja,NG,456.0,12.0,659.0
2026-09-14 04:00:00+00:00,22.0,0.2,Abuja,NG,455.0,9.0,593.0
2026-09-14 05:00:00+00:00,21.75,0.0,Abuja,NG,452.0,7.0,481.0
2026-09-14 06:00:00+00:00,22.4,0.0,Abuja,NG,448.0,5.0,409.0
2026-09-14 07:00:00+00:00,23.25,0.0,Abuja,NG,444.0,5.0,430.0
2026-09-14 08:00:00+00:00,24.95,0.0,Abuja,NG,440.0,7.0,491.0
2026-09-14 09:00:00+00:00,26.85,0.0,Abuja,NG,437.0,10.0,517.0
2026-09-14 10:00:00+00:00,27.45,0.1,Abuja,NG,436.0,16.0,462.0
2026-09-14 11:00:00+00:00,28.85,0.1,Abuja,NG,435.0,23.0,372.0
2026-09-14 12:00:00+00:00,27.7,0.0,Abuja,NG,435.0,20.0,309.0
2026-09-14 13:00:00+00:00,28.75,0.4,Abuja,NG,434.0,20.0,243.0
2026-09-14 14:00:00+00:00,29.05,0.1,Abuja,NG,434.0,21.0,204.0
2026-09-14 15:00:00+00:00,28.8,0.1,Abuja,NG,435.0,21.0,347.0
2026-09-14 16:00:00+00:00,26.7,0.2,Abuja,NG,440.0,20.0,892.0
2026-09-14 17:00:00+00:00,23.45,5.5,Abuja,NG,446.0,18.0,1620.0
2026-09-14 18:00:00+00:00,23.4,0.4,Abuja,NG,449.0,16.0,2026.0
2026-09-14 19:00:00+00:00,23.55,0.0,Abuja,NG,447.0,16.0,1809.0
2026-09-14 20:00:00+00:00,23.8,0.0,Abuja,NG,442.0,16.0,1271.0
2026-09-14 21:00:00+00:00,23.45,0.0,Abuja,NG,438.0,16.0,807.0
2026-09-14 22:00:00+00:00,23.35,0.0,Abuja,NG,436.0,14.0,545.0
2026-09-14 23:00:00+00:00,23.35,0.0,Abuja,NG,436.0,12.0,358.0
2026-09-15 00:00:00+00:00,22.4,0.0,Abuja,NG,436.0,14.0,264.0
2026-09-15 01:00:00+00:00,21.9,0.0,Abuja,NG,438.0,14.0,282.0
2026-09-15 02:00:00+00:00,21.75,0.0,Abuja,NG,441.0,15.0,393.0
2026-09-15 03:00:00+00:00,21.75,0.0,Abuja,NG,444.0,14.0,559.0
2026-09-15 04:00:00+00:00,21.75,0.0,Abuja,NG,445.0,12.0,844.0
2026-09-15 05:00:00+00:00,21.55,0.0,Abuja,NG,445.0,8.0,1185.0
2026-09-15 06:00:00+00:00,22.3,0.0,Abuja,NG,445.0,7.0,1354.0
2026-09-15 07:00:00+00:00,23.15,0.0,Abuja,NG,443.0,9.0,1197.0
2026-09-15 08:00:00+00:00,24.5,0.0,Abuja,NG,441.0,13.0,869.0
2026-09-15 09:00:00+00:00,26.15,0.0,Abuja,NG,439.0,17.0,607.0
2026-09-15 10:00:00+00:00,26.95,0.1,Abuja,NG,438.0,20.0,509.0
2026-09-15 11:00:00+00:00,28.25,0.1,Abuja,NG,438.0,23.0,477.0
2026-09-15 12:00:00+00:00,29.25,0.1,Abuja,NG,438.0,27.0,462.0
2026-09-15 13:00:00+00:00,29.55,0.4,Abuja,NG,437.0,28.0,401.0
2026-09-15 14:00:00+00:00,29.75,0.1,Abuja,NG,436.0,30.0,357.0
2026-09-15 15:00:00+00:00,29.45,0.0,Abuja,NG,436.0,30.0,462.0
2026-09-15 16:00:00+00:00,26.0,1.3,Abuja,NG,440.0,28.0,889.0
2026-09-15 17:00:00+00:00,25.7,0.3,Abuja,NG,446.0,25.0,1466.0
2026-09-15 18:00:00+00:00,25.9,0.1,Abuja,NG,450.0,23.0,1807.0
2026-09-15 19:00:00+00:00,25.3,0.0,Abuja,NG,449.0,23.0,1684.0
2026-09-15 20:00:00+00:00,25.0,0.0,Abuja,NG,446.0,23.0,1325.0
2026-09-15 21:00:00+00:00,24.65,0.0,Abuja,NG,443.0,24.0,1032.0
2026-09-15 22:00:00+00:00,23.5,0.3,Abuja,NG,442.0,25.0,926.0
2026-09-15 23:00:00+00:00,23.1,1.0,Abuja,NG,443.0,27.0,886.0
2026-09-16 00:00:00+00:00,24.4,0.4,Abuja,NG,444.0,23.0,854.0
2026-09-16 01:00:00+00:00,23.65,0.4,Abuja,NG,447.0,22.0,807.0
2026-09-16 02:00:00+00:00,23.45,0.1,Abuja,NG,451.0,20.0,767.0
2026-09-16 03:00:00+00:00,23.3,0.0,Abuja,NG,454.0,17.0,747.0
2026-09-16 04:00:00+00:00,23.2,0.0,Abuja,NG,456.0,13.0,770.0
2026-09-16 05:00:00+00:00,23.05,0.0,Abuja,NG,458.0,9.0,812.0
2026-09-16 06:00:00+00:00,23.3,0.0,Abuja,NG,457.0,6.0,810.0
2026-09-16 07:00:00+00:00,23.75,0.1,Abuja,NG,453.0,5.0,718.0
2026-09-16 08:00:00+00:00,24.5,0.1,Abuja,NG,448.0,6.0,582.0
2026-09-16 09:00:00+00:00,25.35,0.3,Abuja,NG,443.0,7.0,481.0
2026-09-16 10:00:00+00:00,26.3,0.3,Abuja,NG,441.0,8.0,454.0
2026-09-16 11:00:00+00:00,26.15,0.4,Abuja,NG,440.0,9.0,463.0
2026-09-16 12:00:00+00:00,25.45,2.8,Abuja,NG,439.0,12.0,471.0
2026-09-16 13:00:00+00:00,25.75,0.5,Abuja,NG,437.0,11.0,395.0
2026-09-16 14:00:00+00:00,26.6,0.1,Abuja,NG,436.0,9.0,319.0
2026-09-16 15:00:00+00:00,26.75,0.1,Abuja,NG,437.0,8.0,458.0
2026-09-16 16:00:00+00:00,25.55,0.9,Abuja,NG,444.0,8.0,1084.0
2026-09-16 17:00:00+00:00,25.1,0.3,Abuja,NG,454.0,9.0,1926.0
2026-09-16 18:00:00+00:00,25.0,0.1,Abuja,NG,460.0,9.0,2386.0
2026-09-16 19:00:00+00:00,24.6,0.0,Abuja,NG,456.0,8.0,2063.0
2026-09-16 20:00:00+00:00,24.05,0.0,Abuja,NG,448.0,8.0,1358.0
2026-09-16 21:00:00+00:00,23.6,0.0,Abuja,NG,443.0,7.0,871.0
2026-09-16 22:00:00+00:00,23.4,0.0,Abuja,NG,446.0,7.0,928.0
2026-09-16 23:00:00+00:00,22.5,1.7,Abuja,NG,453.0,7.0,1203.0
2026-09-17 00:00:00+00:00,23.4,1.3,Abuja,NG,457.0,6.0,1317.0
2026-09-17 01:00:00+00:00,22.8,2.5,Abuja,NG,455.0,6.0,1049.0
2026-09-17 02:00:00+00:00,22.45,0.9,Abuja,NG,450.0,5.0,621.0
2026-09-17 03:00:00+00:00,22.0,0.1,Abuja,NG,446.0,5.0,314.0
2026-09-17 04:00:00+00:00,21.95,0.1,Abuja,NG,444.0,4.0,264.0
2026-09-17 05:00:00+00:00,21.85,0.1,Abuja,NG,444.0,4.0,335.0
2026-09-17 06:00:00+00:00,22.65,0.0,Abuja,NG,443.0,3.0,407.0
2026-09-17 07:00:00+00:00,23.35,0.0,Abuja,NG,442.0,2.0,448.0
2026-09-17 08:00:00+00:00,24.1,0.0,Abuja,NG,442.0,2.0,489.0
2026-09-17 09:00:00+00:00,24.25,0.1,Abuja,NG,441.0,2.0,508.0
2026-09-17 10:00:00+00:00,26.05,0.2,Abuja,NG,440.0,3.0,481.0
2026-09-17 11:00:00+00:00,27.0,0.3,Abuja,NG,439.0,4.0,430.0
2026-09-17 12:00:00+00:00,26.05,0.1,Abuja,NG,438.0,13.0,403.0
2026-09-17 13:00:00+00:00,26.85,0.3,Abuja,NG,438.0,13.0,399.0
2026-09-17 14:00:00+00:00,27.3,0.0,Abuja,NG,438.0,13.0,418.0
2026-09-17 15:00:00+00:00,27.75,0.1,Abuja,NG,439.0,13.0,503.0
2026-09-17 16:00:00+00:00,26.65,0.2,Abuja,NG,442.0,12.0,747.0
2026-09-17 17:00:00+00:00,25.7,0.2,Abuja,NG,445.0,12.0,1056.0
2026-09-17 18:00:00+00:00,24.7,0.0,Abuja,NG,447.0,11.0,1197.0
2026-09-17 19:00:00+00:00,24.25,0.0,Abuja,NG,445.0,11.0,1003.0
2026-09-17 20:00:00+00:00,23.9,0.0,Abuja,NG,441.0,11.0,641.0
2026-09-17 21:00:00+00:00,23.6,0.0,Abuja,NG,438.0,11.0,371.0
2026-09-17 22:00:00+00:00,23.3,0.0,Abuja,NG,438.0,11.0,312.0
2026-09-17 23:00:00+00:00,23.15,0.0,Abuja,NG,438.0,10.0,346.0
2026-09-18 00:00:00+00:00,23.65,0.0,Abuja,NG,439.0,14.0,378.0
2026-09-18 01:00:00+00:00,21.85,0.9,Abuja,NG,439.0,14.0,359.0
2026-09-18 02:00:00+00:00,22.05,1.0,Abuja,NG,438.0,15.0,339.0
2026-09-18 03:00:00+00:00,21.8,0.4,Abuja,NG,439.0,15.0,371.0
2026-09-18 04:00:00+00:00,21.7,0.1,Abuja,NG,444.0,15.0,520.0
2026-09-18 05:00:00+00:00,21.4,0.0,Abuja,NG,451.0,14.0,722.0
2026-09-18 06:00:00+00:00,22.65,0.0,Abuja,NG,454.0,14.0,840.0
2026-09-18 07:00:00+00:00,23.1,0.0,Abuja,NG,449.0,14.0,793.0
2026-09-18 08:00:00+00:00,24.4,0.0,Abuja,NG,440.0,15.0,663.0
2026-09-18 09:00:00+00:00,25.7,0.1,Abuja,NG,433.0,17.0,557.0
2026-09-18 10:00:00+00:00,25.65,0.2,Abuja,NG,431.0,21.0,511.0
2026-09-18 11:00:00+00:00,26.6,0.4,Abuja,NG,431.0,26.0,488.0
2026-09-18 12:00:00+00:00,27.65,0.2,Abuja,NG,431.0,11.0,488.0
2026-09-18 13:00:00+00:00,26.75,0.0,Abuja,NG,431.0,12.0,443.0
2026-09-18 14:00:00+00:00,26.25,1.1,Abuja,NG,431.0,14.0,420.0
2026-09-18 15:00:00+00:00,26.15,1.3,Abuja,NG,434.0,15.0,617.0
2026-09-18 16:00:00+00:00,26.65,0.3,Abuja,NG,441.0,15.0,1323.0
2026-09-18 17:00:00+00:00,25.9,0.0,Abuja,NG,450.0,14.0,2249.0
2026-09-18 18:00:00+00:00,25.6,0.0,Abuja,NG,455.0,13.0,2721.0
2026-09-18 19:00:00+00:00,25.1,0.0,Abuja,NG,452.0,12.0,2304.0
2026-09-18 20:00:00+00:00,24.55,0.0,Abuja,NG,446.0,10.0,1433.0
2026-09-18 21:00:00+00:00,24.15,0.0,Abuja,NG,441.0,10.0,739.0
2026-09-18 22:00:00+00:00,23.4,0.0,Abuja,NG,440.0,11.0,479.0
2026-09-18 23:00:00+00:00,22.85,0.3,Abuja,NG,441.0,13.0,397.0
2026-09-19 00:00:00+00:00,22.6,0.2,Abuja,NG,441.0,12.0,349.0
2026-09-19 01:00:00+00:00,22.25,0.1,Abuja,NG,440.0,12.0,294.0
2026-09-19 02:00:00+00:00,22.1,0.0,Abuja,NG,439.0,13.0,273.0
2026-09-19 03:00:00+00:00,21.9,0.2,Abuja,NG,438.0,13.0,275.0
2026-09-19 04:00:00+00:00,22.05,0.1,Abuja,NG,438.0,12.0,307.0
2026-09-19 05:00:00+00:00,22.1,0.1,Abuja,NG,439.0,11.0,361.0
2026-09-19 06:00:00+00:00,23.45,0.0,Abuja,NG,439.0,11.0,400.0
2026-09-19 07:00:00+00:00,24.6,0.0,Abuja,NG,439.0,13.0,410.0
2026-09-19 08:00:00+00:00,26.0,0.0,Abuja,NG,438.0,15.0,406.0
2026-09-19 09:00:00+00:00,27.25,0.1,Abuja,NG,437.0,19.0,390.0
2026-09-19 10:00:00+00:00,28.25,0.1,Abuja,NG,437.0,25.0,357.0
2026-09-19 11:00:00+00:00,28.85,0.1,Abuja,NG,437.0,32.0,313.0
2026-09-19 12:00:00+00:00,29.6,0.1,Abuja,NG,436.0,42.0,280.0
2026-09-19 13:00:00+00:00,29.1,0.2,Abuja,NG,435.0,44.0,249.0
2026-09-19 14:00:00+00:00,23.95,5.0,Abuja,NG,433.0,47.0,228.0
2026-09-19 15:00:00+00:00,23.95,2.7,Abuja,NG,432.0,47.0,265.0
2026-09-19 16:00:00+00:00,24.45,0.3,Abuja,NG,432.0,40.0,421.0
2026-09-19 17:00:00+00:00,24.45,0.0,Abuja,NG,433.0,31.0,634.0
2026-09-19 18:00:00+00:00,24.8,0.0,Abuja,NG,434.0,23.0,768.0
2026-09-19 19:00:00+00:00,24.3,0.0,Abuja,NG,436.0,19.0,752.0
2026-09-19 20:00:00+00:00,24.0,0.0,Abuja,NG,438.0,18.0,657.0
2026-09-19 21:00:00+00:00,23.9,0.0,Abuja,NG,439.0,17.0,555.0
2026-09-19 22:00:00+00:00,23.85,0.0,Abuja,NG,439.0,17.0,459.0
2026-09-19 23:00:00+00:00,23.45,0.0,Abuja,NG,438.0,17.0,356.0
2026-09-20 00:00:00+00:00,23.3,0.1,Abuja,NG,437.0,16.0,278.0
2026-09-20 01:00:00+00:00,22.95,0.0,Abuja,NG,437.0,15.0,237.0
2026-09-20 02:00:00+00:00,22.2,3.0,Abuja,NG,437.0,15.0,221.0
2026-09-20 03:00:00+00:00,22.2,0.8,Abuja,NG,438.0,14.0,225.0
2026-09-20 04:00:00+00:00,21.95,0.1,Abuja,NG,439.0,14.0,261.0
2026-09-20 05:00:00+00:00,22.0,0.0,Abuja,NG,440.0,13.0,317.0
2026-09-20 06:00:00+00:00,22.1,0.0,Abuja,NG,441.0,13.0,354.0
2026-09-20 07:00:00+00:00,23.35,0.0,Abuja,NG,441.0,13.0,351.0
2026-09-20 08:00:00+00:00,24.55,0.0,Abuja,NG,440.0,12.0,329.0
2026-09-20 09:00:00+00:00,25.35,0.1,Abuja,NG,439.0,12.0,310.0
2026-09-20 10:00:00+00:00,27.1,0.1,Abuja,NG,438.0,11.0,302.0
2026-09-20 11:00:00+00:00,27.6,0.1,Abuja,NG,437.0,10.0,298.0
2026-09-20 12:00:00+00:00,28.45,0.1,Abuja,NG,436.0,9.0,297.0
2026-09-20 13:00:00+00:00,27.25,0.4,Abuja,NG,435.0,8.0,293.0
2026-09-20 14:00:00+00:00,26.9,0.6,Abuja,NG,434.0,7.0,292.0
2026-09-20 15:00:00+00:00,25.95,2.2,Abuja,NG,434.0,6.0,314.0
2026-09-20 16:00:00+00:00,25.5,0.5,Abuja,NG,434.0,5.0,379.0
2026-09-20 17:00:00+00:00,24.45,0.4,Abuja,NG,435.0,4.0,467.0
2026-09-20 18:00:00+00:00,23.6,0.3,Abuja,NG,436.0,3.0,538.0
2026-09-20 19:00:00+00:00,23.05,0.1,Abuja,NG,436.0,3.0,579.0
2026-09-20 20:00:00+00:00,22.75,0.0,Abuja,NG,436.0,3.0,603.0
2026-09-20 21:00:00+00:00,22.55,0.1,Abuja,NG,437.0,3.0,613.0
2026-09-20 22:00:00+00:00,22.4,0.1,Abuja,NG,439.0,3.0,611.0
2026-09-20 23:00:00+00:00,22.35,0.0,Abuja,NG,442.0,3.0,594.0
2026-09-13 00:00:00+00:00,26.45,0.0,Lagos,NG,459.0,0.0,873.0
2026-09-13 01:00:00+00:00,26.15,0.0,Lagos,NG,455.0,0.0,668.0
2026-09-13 02:00:00+00:00,26.0,0.1,Lagos,NG,448.0,0.0,365.0
2026-09-13 03:00:00+00:00,25.8,0.1,Lagos,NG,443.0,0.0,156.0
2026-09-13 04:00:00+00:00,25.2,0.6,Lagos,NG,443.0,0.0,134.0
2026-09-13 05:00:00+00:00,25.3,0.4,Lagos,NG,445.0,0.0,206.0
2026-09-13 06:00:00+00:00,25.5,0.4,Lagos,NG,446.0,0.0,279.0
2026-09-13 07:00:00+00:00,25.65,0.7,Lagos,NG,446.0,0.0,333.0
2026-09-13 08:00:00+00:00,26.75,0.2,Lagos,NG,446.0,1.0,389.0
2026-09-13 09:00:00+00:00,27.8,0.0,Lagos,NG,445.0,1.0,412.0
2026-09-13 10:00:00+00:00,28.2,0.0,Lagos,NG,444.0,1.0,374.0
2026-09-13 11:00:00+00:00,27.95,0.0,Lagos,NG,443.0,1.0,304.0
2026-09-13 12:00:00+00:00,27.05,0.0,Lagos,NG,442.0,1.0,251.0
2026-09-13 13:00:00+00:00,28.05,0.9,Lagos,NG,442.0,1.0,234.0
2026-09-13 14:00:00+00:00,28.35,0.3,Lagos,NG,442.0,0.0,234.0
2026-09-13 15:00:00+00:00,28.1,0.1,Lagos,NG,442.0,0.0,252.0
2026-09-13 16:00:00+00:00,27.45,0.0,Lagos,NG,443.0,0.0,297.0
2026-09-13 17:00:00+00:00,26.75,0.0,Lagos,NG,444.0,0.0,359.0
2026-09-13 18:00:00+00:00,27.0,0.0,Lagos,NG,445.0,0.0,409.0
2026-09-13 19:00:00+00:00,26.8,0.0,Lagos,NG,446.0,0.0,438.0
2026-09-13 20:00:00+00:00,26.75,0.0,Lagos,NG,448.0,0.0,456.0
2026-09-13 21:00:00+00:00,26.65,0.0,Lagos,NG,449.0,0.0,455.0
2026-09-13 22:00:00+00:00,26.55,0.0,Lagos,NG,449.0,0.0,430.0
2026-09-13 23:00:00+00:00,26.4,0.0,Lagos,NG,449.0,0.0,387.0
2026-09-14 00:00:00+00:00,26.0,0.0,Lagos,NG,448.0,0.0,342.0
2026-09-14 01:00:00+00:00,25.55,0.5,Lagos,NG,448.0,0.0,286.0
2026-09-14 02:00:00+00:00,25.25,0.7,Lagos,NG,447.0,1.0,227.0
2026-09-14 03:00:00+00:00,24.95,2.1,Lagos,NG,447.0,1.0,209.0
2026-09-14 04:00:00+00:00,24.85,2.3,Lagos,NG,447.0,1.0,256.0
2026-09-14 05:00:00+00:00,24.6,1.1,Lagos,NG,448.0,1.0,343.0
2026-09-14 06:00:00+00:00,25.15,0.9,Lagos,NG,449.0,1.0,443.0
2026-09-14 07:00:00+00:00,25.6,0.7,Lagos,NG,450.0,1.0,581.0
2026-09-14 08:00:00+00:00,26.2,0.5,Lagos,NG,450.0,1.0,731.0
2026-09-14 09:00:00+00:00,26.95,0.2,Lagos,NG,450.0,1.0,790.0
2026-09-14 10:00:00+00:00,27.1,0.1,Lagos,NG,448.0,1.0,675.0
2026-09-14 11:00:00+00:00,27.65,0.2,Lagos,NG,445.0,0.0,470.0
2026-09-14 12:00:00+00:00,28.1,0.3,Lagos,NG,443.0,0.0,316.0
2026-09-14 13:00:00+00:00,27.95,0.0,Lagos,NG,442.0,0.0,271.0
2026-09-14 14:00:00+00:00,27.05,0.0,Lagos,NG,443.0,0.0,278.0
2026-09-14 15:00:00+00:00,26.85,0.1,Lagos,NG,443.0,0.0,310.0
2026-09-14 16:00:00+00:00,26.8,0.1,Lagos,NG,444.0,0.0,381.0
2026-09-14 17:00:00+00:00,26.35,0.0,Lagos,NG,445.0,0.0,477.0
2026-09-14 18:00:00+00:00,26.65,0.0,Lagos,NG,446.0,0.0,530.0
2026-09-14 19:00:00+00:00,26.55,0.0,Lagos,NG,446.0,0.0,494.0
2026-09-14 20:00:00+00:00,26.55,0.0,Lagos,NG,445.0,0.0,415.0
2026-09-14 21:00:00+00:00,26.5,0.0,Lagos,NG,445.0,0.0,358.0
2026-09-14 22:00:00+00:00,26.35,0.0,Lagos,NG,445.0,0.0,359.0
2026-09-14 23:00:00+00:00,26.2,0.0,Lagos,NG,446.0,0.0,381.0
2026-09-15 00:00:00+00:00,26.1,0.0,Lagos,NG,447.0,0.0,386.0
2026-09-15 01:00:00+00:00,25.8,0.1,Lagos,NG,447.0,0.0,341.0
2026-09-15 02:00:00+00:00,25.7,0.1,Lagos,NG,448.0,0.0,277.0
2026-09-15 03:00:00+00:00,24.7,1.2,Lagos,NG,448.0,0.0,252.0
2026-09-15 04:00:00+00:00,24.7,0.3,Lagos,NG,449.0,0.0,304.0
2026-09-15 05:00:00+00:00,24.9,0.6,Lagos,NG,449.0,0.0,393.0
2026-09-15 06:00:00+00:00,24.95,0.2,Lagos,NG,449.0,0.0,458.0
2026-09-15 07:00:00+00:00,25.5,0.2,Lagos,NG,448.0,0.0,473.0
2026-09-15 08:00:00+00:00,26.5,0.0,Lagos,NG,446.0,0.0,462.0
2026-09-15 09:00:00+00:00,27.55,0.2,Lagos,NG,445.0,0.0,439.0
2026-09-15 10:00:00+00:00,28.15,0.3,Lagos,NG,444.0,0.0,396.0
2026-09-15 11:00:00+00:00,28.25,0.3,Lagos,NG,444.0,0.0,341.0
2026-09-15 12:00:00+00:00,28.65,0.2,Lagos,NG,444.0,2.0,304.0
2026-09-15 13:00:00+00:00,28.4,0.0,Lagos,NG,444.0,2.0,291.0
2026-09-15 14:00:00+00:00,28.15,0.0,Lagos,NG,444.0,1.0,296.0
2026-09-15 15:00:00+00:00,27.9,0.0,Lagos,NG,444.0,1.0,334.0
2026-09-15 16:00:00+00:00,27.65,0.0,Lagos,NG,446.0,1.0,438.0
2026-09-15 17:00:00+00:00,27.05,0.0,Lagos,NG,448.0,0.0,575.0
2026-09-15 18:00:00+00:00,27.15,0.0,Lagos,NG,449.0,0.0,658.0
2026-09-15 19:00:00+00:00,26.95,0.0,Lagos,NG,449.0,0.0,637.0
2026-09-15 20:00:00+00:00,26.9,0.0,Lagos,NG,448.0,0.0,561.0
2026-09-15 21:00:00+00:00,26.8,0.0,Lagos,NG,448.0,0.0,494.0
2026-09-15 22:00:00+00:00,26.75,0.0,Lagos,NG,448.0,0.0,463.0
2026-09-15 23:00:00+00:00,26.5,0.0,Lagos,NG,449.0,0.0,440.0
2026-09-16 00:00:00+00:00,26.7,0.0,Lagos,NG,449.0,0.0,403.0
2026-09-16 01:00:00+00:00,26.5,0.0,Lagos,NG,447.0,0.0,325.0
2026-09-16 02:00:00+00:00,26.3,0.0,Lagos,NG,445.0,0.0,234.0
2026-09-16 03:00:00+00:00,26.2,0.0,Lagos,NG,444.0,0.0,185.0
2026-09-16 04:00:00+00:00,26.05,0.0,Lagos,NG,445.0,0.0,216.0
2026-09-16 05:00:00+00:00,25.9,0.0,Lagos,NG,447.0,0.0,291.0
2026-09-16 06:00:00+00:00,25.65,0.0,Lagos,NG,448.0,0.0,354.0
2026-09-16 07:00:00+00:00,25.75,1.2,Lagos,NG,447.0,0.0,392.0
2026-09-16 08:00:00+00:00,26.25,1.5,Lagos,NG,446.0,1.0,420.0
2026-09-16 09:00:00+00:00,27.4,0.4,Lagos,NG,445.0,1.0,426.0
2026-09-16 10:00:00+00:00,27.7,0.5,Lagos,NG,444.0,1.0,394.0
2026-09-16 11:00:00+00:00,27.9,0.4,Lagos,NG,444.0,1.0,342.0
2026-09-16 12:00:00+00:00,28.6,0.4,Lagos,NG,444.0,1.0,307.0
2026-09-16 13:00:00+00:00,28.3,0.0,Lagos,NG,444.0,1.0,304.0
2026-09-16 14:00:00+00:00,27.9,0.0,Lagos,NG,444.0,0.0,319.0
2026-09-16 15:00:00+00:00,27.7,0.0,Lagos,NG,445.0,0.0,353.0
2026-09-16 16:00:00+00:00,27.2,0.0,Lagos,NG,446.0,0.0,428.0
2026-09-16 17:00:00+00:00,26.75,0.0,Lagos,NG,447.0,0.0,521.0
2026-09-16 18:00:00+00:00,26.9,0.0,Lagos,NG,448.0,0.0,572.0
2026-09-16 19:00:00+00:00,26.65,0.1,Lagos,NG,448.0,0.0,538.0
2026-09-16 20:00:00+00:00,26.65,0.0,Lagos,NG,447.0,0.0,461.0
2026-09-16 21:00:00+00:00,26.6,0.0,Lagos,NG,447.0,0.0,402.0
2026-09-16 22:00:00+00:00,26.45,0.0,Lagos,NG,447.0,0.0,394.0
2026-09-16 23:00:00+00:00,26.3,0.0,Lagos,NG,448.0,0.0,403.0
2026-09-17 00:00:00+00:00,26.35,0.0,Lagos,NG,448.0,0.0,391.0
2026-09-17 01:00:00+00:00,26.2,0.0,Lagos,NG,447.0,0.0,324.0
2026-09-17 02:00:00+00:00,26.0,0.0,Lagos,NG,445.0,0.0,236.0
2026-09-17 03:00:00+00:00,25.65,0.2,Lagos,NG,444.0,0.0,192.0
2026-09-17 04:00:00+00:00,25.7,0.1,Lagos,NG,445.0,0.0,235.0
2026-09-17 05:00:00+00:00,25.55,0.1,Lagos,NG,447.0,0.0,322.0
2026-09-17 06:00:00+00:00,25.75,0.1,Lagos,NG,448.0,0.0,390.0
2026-09-17 07:00:00+00:00,26.15,0.3,Lagos,NG,447.0,0.0,413.0
2026-09-17 08:00:00+00:00,26.85,0.2,Lagos,NG,446.0,0.0,417.0
2026-09-17 09:00:00+00:00,27.45,0.5,Lagos,NG,445.0,0.0,416.0
2026-09-17 10:00:00+00:00,27.45,0.5,Lagos,NG,445.0,0.0,412.0
2026-09-17 11:00:00+00:00,27.3,0.8,Lagos,NG,445.0,1.0,403.0
2026-09-17 12:00:00+00:00,28.05,0.2,Lagos,NG,445.0,1.0,394.0
2026-09-17 13:00:00+00:00,27.95,0.1,Lagos,NG,445.0,1.0,372.0
2026-09-17 14:00:00+00:00,27.9,0.0,Lagos,NG,445.0,1.0,350.0
2026-09-17 15:00:00+00:00,27.8,0.0,Lagos,NG,445.0,1.0,367.0
2026-09-17 16:00:00+00:00,27.45,0.0,Lagos,NG,447.0,1.0,470.0
2026-09-17 17:00:00+00:00,26.85,0.0,Lagos,NG,449.0,0.0,612.0
2026-09-17 18:00:00+00:00,26.75,0.0,Lagos,NG,450.0,0.0,694.0
2026-09-17 19:00:00+00:00,26.65,0.0,Lagos,NG,450.0,0.0,660.0
2026-09-17 20:00:00+00:00,26.5,0.0,Lagos,NG,449.0,0.0,566.0
2026-09-17 21:00:00+00:00,26.5,0.0,Lagos,NG,449.0,0.0,483.0
2026-09-17 22:00:00+00:00,26.3,0.0,Lagos,NG,449.0,0.0,442.0
2026-09-17 23:00:00+00:00,26.0,0.1,Lagos,NG,450.0,0.0,412.0
2026-09-18 00:00:00+00:00,26.05,0.4,Lagos,NG,450.0,0.0,376.0
2026-09-18 01:00:00+00:00,25.65,0.2,Lagos,NG,448.0,0.0,313.0
2026-09-18 02:00:00+00:00,24.95,0.7,Lagos,NG,446.0,0.0,244.0
2026-09-18 03:00:00+00:00,25.4,0.6,Lagos,NG,445.0,0.0,218.0
2026-09-18 04:00:00+00:00,25.05,0.0,Lagos,NG,446.0,0.0,272.0
2026-09-18 05:00:00+00:00,24.95,0.1,Lagos,NG,448.0,0.0,369.0
2026-09-18 06:00:00+00:00,26.0,0.0,Lagos,NG,450.0,0.0,450.0
2026-09-18 07:00:00+00:00,26.4,0.2,Lagos,NG,450.0,0.0,497.0
2026-09-18 08:00:00+00:00,27.1,0.1,Lagos,NG,449.0,0.0,528.0
2026-09-18 09:00:00+00:00,28.05,0.0,Lagos,NG,448.0,0.0,539.0
2026-09-18 10:00:00+00:00,28.8,0.0,Lagos,NG,447.0,0.0,522.0
2026-09-18 11:00:00+00:00,27.25,0.6,Lagos,NG,446.0,0.0,485.0
2026-09-18 12:00:00+00:00,26.6,0.7,Lagos,NG,445.0,1.0,452.0
2026-09-18 13:00:00+00:00,26.4,1.6,Lagos,NG,445.0,1.0,423.0
2026-09-18 14:00:00+00:00,27.3,0.5,Lagos,NG,445.0,1.0,398.0
2026-09-18 15:00:00+00:00,27.35,0.7,Lagos,NG,446.0,1.0,402.0
2026-09-18 16:00:00+00:00,26.95,0.3,Lagos,NG,447.0,1.0,465.0
2026-09-18 17:00:00+00:00,26.5,0.1,Lagos,NG,449.0,0.0,558.0
2026-09-18 18:00:00+00:00,26.85,0.1,Lagos,NG,450.0,0.0,615.0
2026-09-18 19:00:00+00:00,26.7,0.0,Lagos,NG,450.0,0.0,606.0
2026-09-18 20:00:00+00:00,26.6,0.0,Lagos,NG,450.0,0.0,562.0
2026-09-18 21:00:00+00:00,26.5,0.0,Lagos,NG,450.0,0.0,514.0
2026-09-18 22:00:00+00:00,26.4,0.0,Lagos,NG,450.0,0.0,469.0
2026-09-18 23:00:00+00:00,26.1,0.0,Lagos,NG,449.0,0.0,419.0
2026-09-19 00:00:00+00:00,26.2,0.0,Lagos,NG,449.0,0.0,371.0
2026-09-19 01:00:00+00:00,25.9,0.1,Lagos,NG,449.0,0.0,316.0
2026-09-19 02:00:00+00:00,25.75,0.1,Lagos,NG,449.0,0.0,262.0
2026-09-19 03:00:00+00:00,25.65,0.2,Lagos,NG,450.0,0.0,242.0
2026-09-19 04:00:00+00:00,25.55,0.1,Lagos,NG,452.0,0.0,285.0
2026-09-19 05:00:00+00:00,25.5,0.1,Lagos,NG,455.0,0.0,362.0
2026-09-19 06:00:00+00:00,25.6,0.1,Lagos,NG,456.0,0.0,422.0
2026-09-19 07:00:00+00:00,26.15,0.2,Lagos,NG,454.0,0.0,445.0
2026-09-19 08:00:00+00:00,27.35,0.0,Lagos,NG,451.0,1.0,450.0
2026-09-19 09:00:00+00:00,28.05,0.2,Lagos,NG,448.0,1.0,445.0
2026-09-19 10:00:00+00:00,28.3,0.1,Lagos,NG,446.0,1.0,429.0
2026-09-19 11:00:00+00:00,27.05,0.7,Lagos,NG,445.0,1.0,404.0
2026-09-19 12:00:00+00:00,26.95,1.0,Lagos,NG,444.0,2.0,378.0
2026-09-19 13:00:00+00:00,27.65,0.9,Lagos,NG,444.0,2.0,345.0
2026-09-19 14:00:00+00:00,26.95,0.9,Lagos,NG,443.0,2.0,312.0
2026-09-19 15:00:00+00:00,27.3,0.6,Lagos,NG,444.0,2.0,310.0
2026-09-19 16:00:00+00:00,26.65,0.4,Lagos,NG,445.0,2.0,372.0
2026-09-19 17:00:00+00:00,26.4,0.2,Lagos,NG,448.0,1.0,465.0
2026-09-19 18:00:00+00:00,26.5,0.0,Lagos,NG,449.0,1.0,520.0
2026-09-19 19:00:00+00:00,26.4,0.0,Lagos,NG,449.0,1.0,501.0
2026-09-19 20:00:00+00:00,26.3,0.0,Lagos,NG,449.0,1.0,444.0
2026-09-19 21:00:00+00:00,26.3,0.0,Lagos,NG,449.0,1.0,388.0
2026-09-19 22:00:00+00:00,26.2,0.0,Lagos,NG,448.0,1.0,344.0
2026-09-19 23:00:00+00:00,26.05,0.0,Lagos,NG,448.0,1.0,301.0
2026-09-20 00:00:00+00:00,26.4,0.0,Lagos,NG,447.0,1.0,263.0
2026-09-20 01:00:00+00:00,26.2,0.0,Lagos,NG,447.0,1.0,228.0
2026-09-20 02:00:00+00:00,25.8,0.2,Lagos,NG,446.0,1.0,199.0
2026-09-20 03:00:00+00:00,24.7,1.6,Lagos,NG,446.0,1.0,190.0
2026-09-20 04:00:00+00:00,24.6,1.1,Lagos,NG,446.0,1.0,210.0
2026-09-20 05:00:00+00:00,24.6,0.7,Lagos,NG,447.0,1.0,249.0
2026-09-20 06:00:00+00:00,24.65,0.3,Lagos,NG,447.0,1.0,293.0
2026-09-20 07:00:00+00:00,25.35,0.1,Lagos,NG,446.0,1.0,348.0
2026-09-20 08:00:00+00:00,25.55,0.3,Lagos,NG,445.0,1.0,407.0
2026-09-20 09:00:00+00:00,26.15,0.2,Lagos,NG,444.0,1.0,433.0
2026-09-20 10:00:00+00:00,27.2,0.2,Lagos,NG,443.0,1.0,396.0
2026-09-20 11:00:00+00:00,27.95,0.3,Lagos,NG,442.0,2.0,325.0
2026-09-20 12:00:00+00:00,26.8,0.2,Lagos,NG,442.0,2.0,274.0
2026-09-20 13:00:00+00:00,27.35,0.0,Lagos,NG,442.0,1.0,264.0
2026-09-20 14:00:00+00:00,26.75,0.0,Lagos,NG,442.0,1.0,273.0
2026-09-20 15:00:00+00:00,26.75,0.0,Lagos,NG,442.0,0.0,289.0
2026-09-20 16:00:00+00:00,26.5,0.0,Lagos,NG,443.0,0.0,316.0
2026-09-20 17:00:00+00:00,26.15,0.0,Lagos,NG,444.0,0.0,351.0
2026-09-20 18:00:00+00:00,25.9,0.0,Lagos,NG,445.0,0.0,367.0
2026-09-20 19:00:00+00:00,25.95,0.0,Lagos,NG,445.0,0.0,350.0
2026-09-20 20:00:00+00:00,25.85,0.0,Lagos,NG,445.0,0.0,315.0
2026-09-20 21:00:00+00:00,25.85,0.0,Lagos,NG,445.0,0.0,283.0
2026-09-20 22:00:00+00:00,25.8,0.0,Lagos,NG,445.0,0.0,261.0
2026-09-20 23:00:00+00:00,25.6,0.0,Lagos,NG,445.0,0.0,241.0
2026-09-13 00:00:00+00:00,15.25,0.0,Nairobi,KE,451.0,0.0,198.0
2026-09-13 01:00:00+00:00,15.45,0.1,Nairobi,KE,452.0,0.0,200.0
2026-09-13 02:00:00+00:00,15.35,0.0,Nairobi,KE,453.0,0.0,218.0
2026-09-13 03:00:00+00:00,15.1,0.0,Nairobi,KE,453.0,0.0,258.0
2026-09-13 04:00:00+00:00,15.0,0.0,Nairobi,KE,451.0,0.0,350.0
2026-09-13 05:00:00+00:00,16.7,0.0,Nairobi,KE,448.0,0.0,464.0
2026-09-13 06:00:00+00:00,18.8,0.0,Nairobi,KE,445.0,0.0,516.0
2026-09-13 07:00:00+00:00,19.55,0.1,Nairobi,KE,444.0,0.0,446.0
2026-09-13 08:00:00+00:00,21.25,0.1,Nairobi,KE,443.0,0.0,313.0
2026-09-13 09:00:00+00:00,21.8,0.0,Nairobi,KE,442.0,0.0,211.0
2026-09-13 10:00:00+00:00,23.0,0.1,Nairobi,KE,442.0,0.0,173.0
2026-09-13 11:00:00+00:00,24.25,0.1,Nairobi,KE,442.0,0.0,165.0
2026-09-13 12:00:00+00:00,24.9,0.3,Nairobi,KE,442.0,1.0,178.0
2026-09-13 13:00:00+00:00,24.2,0.1,Nairobi,KE,443.0,1.0,224.0
2026-09-13 14:00:00+00:00,23.25,0.0,Nairobi,KE,444.0,0.0,290.0
2026-09-13 15:00:00+00:00,21.35,0.0,Nairobi,KE,445.0,0.0,338.0
2026-09-13 16:00:00+00:00,19.9,0.0,Nairobi,KE,445.0,0.0,347.0
2026-09-13 17:00:00+00:00,19.65,0.0,Nairobi,KE,446.0,0.0,336.0
2026-09-13 18:00:00+00:00,19.4,0.0,Nairobi,KE,446.0,0.0,323.0
2026-09-13 19:00:00+00:00,18.0,0.0,Nairobi,KE,447.0,0.0,319.0
2026-09-13 20:00:00+00:00,17.8,0.0,Nairobi,KE,448.0,0.0,313.0
2026-09-13 21:00:00+00:00,17.45,0.0,Nairobi,KE,449.0,0.0,293.0
2026-09-13 22:00:00+00:00,16.35,0.0,Nairobi,KE,448.0,0.0,240.0
2026-09-13 23:00:00+00:00,15.9,0.0,Nairobi,KE,446.0,0.0,174.0
2026-09-14 00:00:00+00:00,15.05,0.0,Nairobi,KE,447.0,0.0,142.0
2026-09-14 01:00:00+00:00,14.25,0.0,Nairobi,KE,453.0,0.0,172.0
2026-09-14 02:00:00+00:00,13.85,0.0,Nairobi,KE,461.0,0.0,236.0
2026-09-14 03:00:00+00:00,13.4,0.0,Nairobi,KE,465.0,0.0,301.0
2026-09-14 04:00:00+00:00,13.9,0.0,Nairobi,KE,461.0,0.0,369.0
2026-09-14 05:00:00+00:00,16.2,0.0,Nairobi,KE,453.0,0.0,437.0
2026-09-14 06:00:00+00:00,18.85,0.0,Nairobi,KE,447.0,0.0,461.0
2026-09-14 07:00:00+00:00,20.2,0.0,Nairobi,KE,444.0,0.0,402.0
2026-09-14 08:00:00+00:00,21.4,0.0,Nairobi,KE,443.0,0.0,298.0
2026-09-14 09:00:00+00:00,23.55,0.0,Nairobi,KE,442.0,0.0,220.0
2026-09-14 10:00:00+00:00,25.25,0.0,Nairobi,KE,442.0,0.0,199.0
2026-09-14 11:00:00+00:00,26.3,0.0,Nairobi,KE,443.0,0.0,204.0
2026-09-14 12:00:00+00:00,26.95,0.0,Nairobi,KE,444.0,0.0,211.0
2026-09-14 13:00:00+00:00,26.0,0.0,Nairobi,KE,444.0,0.0,213.0
2026-09-14 14:00:00+00:00,24.9,0.2,Nairobi,KE,444.0,0.0,217.0
2026-09-14 15:00:00+00:00,23.45,0.2,Nairobi,KE,444.0,0.0,219.0
2026-09-14 16:00:00+00:00,22.85,0.0,Nairobi,KE,445.0,0.0,214.0
2026-09-14 17:00:00+00:00,22.45,0.0,Nairobi,KE,446.0,0.0,208.0
2026-09-14 18:00:00+00:00,20.45,0.0,Nairobi,KE,447.0,0.0,209.0
2026-09-14 19:00:00+00:00,19.4,0.0,Nairobi,KE,448.0,0.0,229.0
2026-09-14 20:00:00+00:00,18.8,0.0,Nairobi,KE,449.0,0.0,258.0
2026-09-14 21:00:00+00:00,18.1,0.0,Nairobi,KE,450.0,0.0,270.0
2026-09-14 22:00:00+00:00,17.5,0.0,Nairobi,KE,450.0,0.0,246.0
2026-09-14 23:00:00+00:00,17.1,0.0,Nairobi,KE,450.0,0.0,207.0
2026-09-15 00:00:00+00:00,16.6,0.0,Nairobi,KE,450.0,0.0,189.0
2026-09-15 01:00:00+00:00,16.3,0.0,Nairobi,KE,450.0,0.0,212.0
2026-09-15 02:00:00+00:00,15.8,0.0,Nairobi,KE,450.0,0.0,257.0
2026-09-15 03:00:00+00:00,15.5,0.0,Nairobi,KE,450.0,0.0,306.0
2026-09-15 04:00:00+00:00,15.65,0.0,Nairobi,KE,450.0,0.0,368.0
2026-09-15 05:00:00+00:00,16.15,0.0,Nairobi,KE,450.0,0.0,434.0
2026-09-15 06:00:00+00:00,16.45,0.0,Nairobi,KE,449.0,0.0,454.0
2026-09-15 07:00:00+00:00,17.05,0.1,Nairobi,KE,447.0,0.0,383.0
2026-09-15 08:00:00+00:00,17.9,0.1,Nairobi,KE,444.0,0.0,267.0
2026-09-15 09:00:00+00:00,19.0,0.3,Nairobi,KE,442.0,0.0,194.0
2026-09-15 10:00:00+00:00,19.0,0.3,Nairobi,KE,442.0,0.0,217.0
2026-09-15 11:00:00+00:00,19.25,0.1,Nairobi,KE,442.0,0.0,284.0
2026-09-15 12:00:00+00:00,20.3,0.0,Nairobi,KE,443.0,1.0,327.0
2026-09-15 13:00:00+00:00,20.25,0.0,Nairobi,KE,443.0,1.0,312.0
2026-09-15 14:00:00+00:00,20.0,0.0,Nairobi,KE,444.0,0.0,272.0
2026-09-15 15:00:00+00:00,19.7,0.0,Nairobi,KE,444.0,0.0,240.0
2026-09-15 16:00:00+00:00,19.1,0.0,Nairobi,KE,444.0,0.0,226.0
2026-09-15 17:00:00+00:00,18.3,0.0,Nairobi,KE,444.0,0.0,221.0
2026-09-15 18:00:00+00:00,17.4,0.0,Nairobi,KE,445.0,0.0,228.0
2026-09-15 19:00:00+00:00,16.6,0.0,Nairobi,KE,447.0,0.0,262.0
2026-09-15 20:00:00+00:00,16.2,0.0,Nairobi,KE,449.0,1.0,308.0
2026-09-15 21:00:00+00:00,15.55,0.0,Nairobi,KE,450.0,1.0,326.0
2026-09-15 22:00:00+00:00,15.05,0.0,Nairobi,KE,450.0,1.0,280.0
2026-09-15 23:00:00+00:00,14.85,0.0,Nairobi,KE,448.0,0.0,205.0
2026-09-16 00:00:00+00:00,15.1,0.0,Nairobi,KE,448.0,1.0,166.0
2026-09-16 01:00:00+00:00,15.05,0.0,Nairobi,KE,450.0,1.0,202.0
2026-09-16 02:00:00+00:00,14.45,0.0,Nairobi,KE,454.0,0.0,274.0
2026-09-16 03:00:00+00:00,14.45,0.0,Nairobi,KE,455.0,0.0,322.0
2026-09-16 04:00:00+00:00,15.25,0.1,Nairobi,KE,453.0,0.0,322.0
2026-09-16 05:00:00+00:00,15.05,0.6,Nairobi,KE,449.0,0.0,300.0
2026-09-16 06:00:00+00:00,15.85,0.8,Nairobi,KE,446.0,0.0,272.0
2026-09-16 07:00:00+00:00,19.0,0.3,Nairobi,KE,444.0,0.0,238.0
2026-09-16 08:00:00+00:00,19.9,0.0,Nairobi,KE,443.0,1.0,198.0
2026-09-16 09:00:00+00:00,20.5,0.2,Nairobi,KE,442.0,1.0,171.0
2026-09-16 10:00:00+00:00,20.4,0.3,Nairobi,KE,442.0,1.0,165.0
2026-09-16 11:00:00+00:00,20.2,0.2,Nairobi,KE,442.0,1.0,171.0
2026-09-16 12:00:00+00:00,21.65,0.2,Nairobi,KE,442.0,1.0,180.0
2026-09-16 13:00:00+00:00,21.9,0.1,Nairobi,KE,442.0,1.0,188.0
2026-09-16 14:00:00+00:00,21.25,0.0,Nairobi,KE,442.0,0.0,199.0
2026-09-16 15:00:00+00:00,20.35,0.0,Nairobi,KE,443.0,0.0,217.0
2026-09-16 16:00:00+00:00,19.7,0.0,Nairobi,KE,444.0,0.0,252.0
2026-09-16 17:00:00+00:00,19.05,0.0,Nairobi,KE,446.0,0.0,295.0
2026-09-16 18:00:00+00:00,18.35,0.0,Nairobi,KE,447.0,0.0,317.0
2026-09-16 19:00:00+00:00,17.25,0.0,Nairobi,KE,448.0,0.0,305.0
2026-09-16 20:00:00+00:00,16.35,0.0,Nairobi,KE,449.0,0.0,273.0
2026-09-16 21:00:00+00:00,15.75,0.0,Nairobi,KE,449.0,0.0,238.0
2026-09-16 22:00:00+00:00,15.55,0.0,Nairobi,KE,448.0,0.0,199.0
2026-09-16 23:00:00+00:00,15.5,0.0,Nairobi,KE,447.0,0.0,157.0
2026-09-17 00:00:00+00:00,15.65,0.0,Nairobi,KE,446.0,0.0,127.0
2026-09-17 01:00:00+00:00,15.3,0.1,Nairobi,KE,445.0,0.0,113.0
2026-09-17 02:00:00+00:00,15.05,0.0,Nairobi,KE,445.0,0.0,112.0
2026-09-17 03:00:00+00:00,14.95,0.0,Nairobi,KE,445.0,0.0,129.0
2026-09-17 04:00:00+00:00,15.05,0.0,Nairobi,KE,445.0,0.0,182.0
2026-09-17 05:00:00+00:00,16.0,0.0,Nairobi,KE,445.0,0.0,254.0
2026-09-17 06:00:00+00:00,16.4,0.0,Nairobi,KE,445.0,0.0,294.0
2026-09-17 07:00:00+00:00,17.7,0.0,Nairobi,KE,444.0,0.0,272.0
2026-09-17 08:00:00+00:00,19.05,0.0,Nairobi,KE,443.0,0.0,218.0
2026-09-17 09:00:00+00:00,20.3,0.0,Nairobi,KE,442.0,0.0,177.0
2026-09-17 10:00:00+00:00,21.55,0.0,Nairobi,KE,442.0,0.0,167.0
2026-09-17 11:00:00+00:00,22.8,0.0,Nairobi,KE,443.0,0.0,170.0
2026-09-17 12:00:00+00:00,24.45,0.0,Nairobi,KE,443.0,0.0,175.0
2026-09-17 13:00:00+00:00,23.95,0.0,Nairobi,KE,443.0,0.0,181.0
2026-09-17 14:00:00+00:00,24.05,0.0,Nairobi,KE,443.0,0.0,191.0
2026-09-17 15:00:00+00:00,22.85,0.0,Nairobi,KE,443.0,0.0,198.0
2026-09-17 16:00:00+00:00,20.4,0.0,Nairobi,KE,444.0,0.0,197.0
2026-09-17 17:00:00+00:00,19.35,0.0,Nairobi,KE,445.0,0.0,194.0
2026-09-17 18:00:00+00:00,18.9,0.0,Nairobi,KE,446.0,0.0,203.0
2026-09-17 19:00:00+00:00,17.4,0.0,Nairobi,KE,448.0,0.0,243.0
2026-09-17 20:00:00+00:00,16.8,0.0,Nairobi,KE,450.0,0.0,296.0
2026-09-17 21:00:00+00:00,15.85,0.0,Nairobi,KE,452.0,0.0,321.0
2026-09-17 22:00:00+00:00,15.05,0.0,Nairobi,KE,452.0,0.0,288.0
2026-09-17 23:00:00+00:00,14.65,0.0,Nairobi,KE,451.0,0.0,228.0
2026-09-18 00:00:00+00:00,14.75,0.0,Nairobi,KE,450.0,0.0,188.0
2026-09-18 01:00:00+00:00,13.5,0.0,Nairobi,KE,451.0,0.0,186.0
2026-09-18 02:00:00+00:00,13.1,0.0,Nairobi,KE,453.0,0.0,205.0
2026-09-18 03:00:00+00:00,13.15,0.0,Nairobi,KE,454.0,0.0,240.0
2026-09-18 04:00:00+00:00,14.1,0.0,Nairobi,KE,452.0,0.0,309.0
2026-09-18 05:00:00+00:00,16.15,0.0,Nairobi,KE,448.0,0.0,394.0
2026-09-18 06:00:00+00:00,17.5,0.0,Nairobi,KE,445.0,0.0,441.0
2026-09-18 07:00:00+00:00,18.15,0.0,Nairobi,KE,445.0,0.0,418.0
2026-09-18 08:00:00+00:00,19.1,0.1,Nairobi,KE,446.0,0.0,356.0
2026-09-18 09:00:00+00:00,19.65,0.2,Nairobi,KE,446.0,0.0,297.0
2026-09-18 10:00:00+00:00,18.95,0.4,Nairobi,KE,445.0,0.0,247.0
2026-09-18 11:00:00+00:00,20.25,0.4,Nairobi,KE,443.0,0.0,199.0
2026-09-18 12:00:00+00:00,20.15,0.1,Nairobi,KE,442.0,0.0,178.0
2026-09-18 13:00:00+00:00,20.85,0.1,Nairobi,KE,442.0,0.0,208.0
2026-09-18 14:00:00+00:00,20.75,0.1,Nairobi,KE,443.0,0.0,264.0
2026-09-18 15:00:00+00:00,18.95,0.2,Nairobi,KE,444.0,0.0,300.0
2026-09-18 16:00:00+00:00,17.2,0.7,Nairobi,KE,445.0,0.0,294.0
2026-09-18 17:00:00+00:00,16.7,0.6,Nairobi,KE,446.0,0.0,269.0
2026-09-18 18:00:00+00:00,16.45,0.3,Nairobi,KE,446.0,0.0,241.0
2026-09-18 19:00:00+00:00,16.0,0.2,Nairobi,KE,446.0,0.0,214.0
2026-09-18 20:00:00+00:00,15.7,0.3,Nairobi,KE,445.0,0.0,185.0
2026-09-18 21:00:00+00:00,15.8,0.1,Nairobi,KE,445.0,0.0,162.0
2026-09-18 22:00:00+00:00,15.7,0.2,Nairobi,KE,445.0,0.0,145.0
2026-09-18 23:00:00+00:00,15.65,0.5,Nairobi,KE,446.0,0.0,133.0
2026-09-19 00:00:00+00:00,15.0,0.6,Nairobi,KE,447.0,0.0,134.0
2026-09-19 01:00:00+00:00,14.6,0.0,Nairobi,KE,448.0,0.0,152.0
2026-09-19 02:00:00+00:00,14.6,0.0,Nairobi,KE,449.0,0.0,182.0
2026-09-19 03:00:00+00:00,14.55,0.0,Nairobi,KE,450.0,0.0,217.0
2026-09-19 04:00:00+00:00,14.35,0.0,Nairobi,KE,449.0,0.0,269.0
2026-09-19 05:00:00+00:00,15.4,0.0,Nairobi,KE,448.0,0.0,327.0
2026-09-19 06:00:00+00:00,17.15,0.0,Nairobi,KE,446.0,0.0,350.0
2026-09-19 07:00:00+00:00,19.0,0.0,Nairobi,KE,445.0,0.0,308.0
2026-09-19 08:00:00+00:00,21.5,0.0,Nairobi,KE,443.0,0.0,231.0
2026-09-19 09:00:00+00:00,22.5,0.0,Nairobi,KE,442.0,0.0,174.0
2026-09-19 10:00:00+00:00,23.45,0.0,Nairobi,KE,442.0,0.0,159.0
2026-09-19 11:00:00+00:00,24.45,0.0,Nairobi,KE,442.0,0.0,164.0
2026-09-19 12:00:00+00:00,25.05,0.0,Nairobi,KE,442.0,0.0,173.0
2026-09-19 13:00:00+00:00,24.85,0.0,Nairobi,KE,442.0,0.0,186.0
2026-09-19 14:00:00+00:00,24.05,0.0,Nairobi,KE,442.0,0.0,205.0
2026-09-19 15:00:00+00:00,22.25,0.0,Nairobi,KE,443.0,0.0,217.0
2026-09-19 16:00:00+00:00,19.6,0.0,Nairobi,KE,444.0,0.0,216.0
2026-09-19 17:00:00+00:00,18.7,0.0,Nairobi,KE,445.0,0.0,210.0
2026-09-19 18:00:00+00:00,18.0,0.0,Nairobi,KE,446.0,0.0,208.0
2026-09-19 19:00:00+00:00,16.45,0.0,Nairobi,KE,447.0,0.0,220.0
2026-09-19 20:00:00+00:00,15.7,0.0,Nairobi,KE,449.0,0.0,236.0
2026-09-19 21:00:00+00:00,14.7,0.0,Nairobi,KE,450.0,0.0,241.0
2026-09-19 22:00:00+00:00,14.0,0.0,Nairobi,KE,450.0,0.0,224.0
2026-09-19 23:00:00+00:00,13.65,0.0,Nairobi,KE,449.0,0.0,195.0
2026-09-20 00:00:00+00:00,14.15,0.0,Nairobi,KE,448.0,0.0,173.0
2026-09-20 01:00:00+00:00,14.2,0.0,Nairobi,KE,448.0,0.0,160.0
2026-09-20 02:00:00+00:00,14.55,0.0,Nairobi,KE,448.0,0.0,153.0
2026-09-20 03:00:00+00:00,14.4,0.0,Nairobi,KE,447.0,0.0,160.0
2026-09-20 04:00:00+00:00,14.8,0.0,Nairobi,KE,446.0,0.0,193.0
2026-09-20 05:00:00+00:00,15.8,0.0,Nairobi,KE,444.0,0.0,240.0
2026-09-20 06:00:00+00:00,18.0,0.0,Nairobi,KE,443.0,0.0,270.0
2026-09-20 07:00:00+00:00,20.25,0.0,Nairobi,KE,443.0,0.0,268.0
2026-09-20 08:00:00+00:00,20.5,0.0,Nairobi,KE,443.0,0.0,249.0
2026-09-20 09:00:00+00:00,19.85,0.1,Nairobi,KE,443.0,0.0,228.0
2026-09-20 10:00:00+00:00,20.65,0.0,Nairobi,KE,443.0,0.0,204.0
2026-09-20 11:00:00+00:00,21.95,0.1,Nairobi,KE,442.0,0.0,177.0
2026-09-20 12:00:00+00:00,23.2,0.3,Nairobi,KE,442.0,0.0,165.0
2026-09-20 13:00:00+00:00,23.9,0.5,Nairobi,KE,442.0,0.0,182.0
2026-09-20 14:00:00+00:00,22.9,0.6,Nairobi,KE,443.0,0.0,213.0
2026-09-20 15:00:00+00:00,18.8,1.2,Nairobi,KE,443.0,0.0,230.0
2026-09-20 16:00:00+00:00,17.3,2.4,Nairobi,KE,443.0,0.0,217.0
2026-09-20 17:00:00+00:00,16.8,3.2,Nairobi,KE,444.0,0.0,189.0
2026-09-20 18:00:00+00:00,16.7,0.7,Nairobi,KE,444.0,0.0,166.0
2026-09-20 19:00:00+00:00,16.6,0.6,Nairobi,KE,444.0,0.0,157.0
2026-09-20 20:00:00+00:00,16.55,0.7,Nairobi,KE,445.0,0.0,153.0
2026-09-20 21:00:00+00:00,16.45,0.7,Nairobi,KE,445.0,0.0,147.0
2026-09-20 22:00:00+00:00,16.3,1.0,Nairobi,KE,445.0,0.0,132.0
2026-09-20 23:00:00+00:00,16.25,0.5,Nairobi,KE,445.0,0.0,114.0
